Reference,Date,Description,Amount,Payee
202401011739001295521,01/01/2024,"Withdrawal Debit Card Debit Card
$0.02-
MASTERCARD CURRENCY CONVERSION FEE :
Date 01/01/24 0      4001306261     0 4121
UBER* TRIP CIUDAD DE ME CD",$7.7,Uber
202401011739001295526,01/01/2024,"Withdrawal Card Fee
Date 01/01/24 0      4001306261     0 4121
MASTERCARD ISSUER CROSS-BORDER FEE",$0.07,Other
202401011739001295530,01/01/2024,"Withdrawal Debit Card Debit Card
$0.02-
MASTERCARD CURRENCY CONVERSION FEE :
Date 12/31/23 0      3365322338     0 4121
UBER* TRIP CIUDAD DE ME CD",$11.54,Uber
202401011739001295535,01/01/2024,"Withdrawal Card Fee
Date 12/31/23 0      3365322338     0 4121
MASTERCARD ISSUER CROSS-BORDER FEE",$0.1,Other
202401011739001295547,01/01/2024,"Recurring Withdrawal Debit Card
Date 01/01/24 0      4001311535     0 5968
AMAZON PRIME*Z64S85HU3 AMZN.COM/BIL WA",$16.15,Amazon
202401021733001878824,01/02/2024,"Withdrawal Debit Card Debit Card
$0.03-
MASTERCARD CURRENCY CONVERSION FEE :
Date 01/01/24 0      4001251152     0 4121
UBER* TRIP CIUDAD DE ME CD",$17.15,Uber
202401021733001878829,01/02/2024,"Withdrawal Card Fee
Date 01/01/24 0      4001251152     0 4121
MASTERCARD ISSUER CROSS-BORDER FEE",$0.15,Other
202401031747001712656,01/03/2024,"Withdrawal Debit Card Debit Card
$0.03-
MASTERCARD CURRENCY CONVERSION FEE :
Date 01/03/24 0      4003341464     0 5812
UBER* EATS CIUDAD DE ME CD",$13.71,Uber
202401031747001712661,01/03/2024,"Withdrawal Card Fee
Date 01/03/24 0      4003341464     0 5812
MASTERCARD ISSUER CROSS-BORDER FEE",$0.12,Other
202401031747001712674,01/03/2024,"Credit Adjustment
Date 01/02/24 0      4002307588     0 5815
TWITCH SAN FRANCISC CA",$14.0,Other
202401031747001712678,01/03/2024,"Withdrawal Debit Card Debit Card
$0.05-
MASTERCARD CURRENCY CONVERSION FEE :
Date 01/03/24 0      4003341466     0 5812
UBER* EATS CIUDAD DE ME CD",$26.88,Uber
202401031747001712683,01/03/2024,"Withdrawal Card Fee
Date 01/03/24 0      4003341466     0 5812
MASTERCARD ISSUER CROSS-BORDER FEE",$0.24,Other
202401031747001712687,01/03/2024,"Withdrawal Debit Card Debit Card
Date 01/03/24 0      4003332165     0 7399
AMAZON WEB SERVICES AWS.AMAZON.C WA",$11.31,Amazon
202401031747001712691,01/03/2024,"Recurring Withdrawal Debit Card
Date 01/02/24 0      4002325948     0 5734
ADOBE *STOCK 4085366000 CA",$29.99,Adobe
202401031747001712695,01/03/2024,"Withdrawal Debit Card Debit Card
$0.08-
MASTERCARD CURRENCY CONVERSION FEE :
Date 01/02/24 0      4002294594     0 5541
BP UNIV TIJUANA BCN MX",$41.4,Other
202401031747001712700,01/03/2024,"Withdrawal Card Fee
Date 01/02/24 0      4002294594     0 5541
MASTERCARD ISSUER CROSS-BORDER FEE",$0.37,Other
202401031747001712704,01/03/2024,"Withdrawal Debit Card Debit Card
$0.02-
MASTERCARD CURRENCY CONVERSION FEE :
Date 01/03/24 0      4003306194     0 4121
UBER* TRIP CIUDAD DE ME CD",$11.37,Uber
202401031747001712709,01/03/2024,"Withdrawal Card Fee
Date 01/03/24 0      4003306194     0 4121
MASTERCARD ISSUER CROSS-BORDER FEE",$0.1,Other
202401041819001624016,01/04/2024,"Withdrawal Debit Card Debit Card
$0.02-
MASTERCARD CURRENCY CONVERSION FEE :
Date 01/02/24 0      4002314970     0 7832
CINEMEX OTAY TIJUANA BCN BN",$9.94,Other
202401041819001624021,01/04/2024,"Withdrawal Card Fee
Date 01/02/24 0      4002314970     0 7832
MASTERCARD ISSUER CROSS-BORDER FEE",$0.09,Other
202401041819001624025,01/04/2024,"Withdrawal Debit Card Debit Card
$0.02-
MASTERCARD CURRENCY CONVERSION FEE :
Date 01/02/24 0      4002314971     0 7832
CINEMEX OTAY TIJUANA BCN BN",$11.53,Other
202401041819001624030,01/04/2024,"Withdrawal Card Fee
Date 01/02/24 0      4002314971     0 7832
MASTERCARD ISSUER CROSS-BORDER FEE",$0.1,Other
202401041819001624034,01/04/2024,"Withdrawal Debit Card Debit Card
$0.03-
MASTERCARD CURRENCY CONVERSION FEE :
Date 01/02/24 0      4002314972     0 7832
CINEMEX OTAY TIJUANA BCN BN",$16.06,Other
202401041819001624039,01/04/2024,"Withdrawal Card Fee
Date 01/02/24 0      4002314972     0 7832
MASTERCARD ISSUER CROSS-BORDER FEE",$0.14,Other
202401050251000729178,01/05/2024,"Withdrawal Bill Payment #000000828088
DIEGO CA
ABC*CRUNCH ABC*7619-CRUNCH FITNES SAN",$21.99,Other
202401051754001423278,01/05/2024,"Deposit Home Banking Transfer
Owners Contribution
From CASILLAS,LUIS E XXXX5744 Share 10",$700.0,Other
202401082302002222353,01/08/2024,"Withdrawal POS #000003651257
UBER *EATS San Francisco CA",$29.27,Uber
202401111738001543498,01/11/2024,"Withdrawal Debit Card Debit Card
Date 01/10/24 0      4010103520     0 5942
AMZN MKTP US*RT70O6FN2 AMZN.COM/BIL WA",$27.99,Other
202401141830001272227,01/14/2024,"Withdrawal Debit Card Debit Card
Date 01/12/24 0      4012082836     0 5542
7-ELEVEN 32606 SAN DIEGO CA",$44.2,7-Eleven
202401151739001159698,01/15/2024,"Withdrawal Debit Card Debit Card
$0.03-
MASTERCARD CURRENCY CONVERSION FEE :
Date 01/13/24 0      4013262134     0 5411
LEY VALLE REDONDO TIJUANA BCN 00",$14.66,Other
202401151739001159703,01/15/2024,"Withdrawal Card Fee
Date 01/13/24 0      4013262134     0 5411
MASTERCARD ISSUER CROSS-BORDER FEE",$0.13,Other
202401151739001159711,01/15/2024,"Withdrawal Debit Card Debit Card
$0.01-
MASTERCARD CURRENCY CONVERSION FEE :
Date 01/14/24 0      4014308319     0 5411
MERPAGO*ABTSELABUELO CIUDAD DE ME MX",$7.01,Other
202401151739001159716,01/15/2024,"Withdrawal Card Fee
Date 01/14/24 0      4014308319     0 5411
MASTERCARD ISSUER CROSS-BORDER FEE",$0.06,Other
202401161738001829400,01/16/2024,"Withdrawal Debit Card Debit Card
Date 01/15/24 0      4015304778     0 5399
PAYCLIP*ALIM Y BEBIDAS CIUDAD DE ME MX",$21.22,Other
202401161738001829403,01/16/2024,"Withdrawal Card Fee
Date 01/15/24 0      4015304778     0 5399
MASTERCARD ISSUER CROSS-BORDER FEE",$0.19,Other
202401181742001528529,01/18/2024,"Withdrawal Debit Card Debit Card
Date 01/16/24 0      4016272204     0 5541
7-ELEVEN 32606 SAN DIEGO CA",$11.82,7-Eleven
202401191902001528511,01/19/2024,"Withdrawal Debit Card Debit Card
Date 01/17/24 0      4017299930     0 5541
7-ELEVEN 32606 SAN DIEGO CA",$11.48,7-Eleven
202401201229000908179,01/20/2024,"Withdrawal POS #000003910043
UBER *EATS San Francisco CA",$4.16,Uber
202401201240000913611,01/20/2024,"Deposit Home Banking Transfer
Owners Contributions
From CASILLAS,LUIS E XXXX5744 Share 10",$500.0,Other
202401201408000957056,01/20/2024,"Withdrawal POS #000003818585
UBER *EATS San Francisco CA",$53.24,Uber
202401211144000851928,01/21/2024,"Withdrawal POS #000012950733
UBER *EATS San Francisco CA",$27.01,Uber
202401211820001263814,01/21/2024,"Withdrawal Debit Card Debit Card
Date 01/18/24 0      4018233981     1 5814
SOTO'S MEXICAN FOOD #2 SAN DIEGO CA",$47.06,Other
202401211820001263821,01/21/2024,"Withdrawal Debit Card Debit Card
Date 01/18/24 0      4018553206     0 5541
7-ELEVEN 32606 SAN DIEGO CA",$12.94,7-Eleven
202401222155001658399,01/22/2024,"Recurring Withdrawal Debit Card
Date 01/22/24 0      4022281929     0 5734
ADOBE INC. 4085366000 CA",$54.99,Adobe
202401222155001658407,01/22/2024,"Recurring Withdrawal Debit Card
Date 01/21/24 0      4021326115     0 6513
REGUS MANAGEMENT GROUP ADDISON TX",$678.54,Regus Management
202401222155001658411,01/22/2024,"Withdrawal Debit Card Debit Card
Date 01/21/24 0      4021314670     0 5812
UBER EATS 8005928996 CA",$38.16,Uber
202401230158000009382,01/23/2024,"Withdrawal POS #000005953007
UBER *TRIP San Francisco CA",$17.92,Uber
202401240158000002608,01/24/2024,"Withdrawal POS #000004638306
UBER *TRIP San Francisco CA",$9.94,Uber
202401261758001465345,01/26/2024,"Recurring Withdrawal Debit Card
Date 01/25/24 0      4025322660     0 5734
XERO US INV-5083440 DENVER CO",$15.0,Other
202401261758001465353,01/26/2024,"Withdrawal Debit Card Debit Card
Date 01/24/24 0      4024321848     0 5812
CHIROYS CAFE NATIONAL CIT CA",$26.54,Other
202401281829001268046,01/28/2024,"Recurring Withdrawal Debit Card
Date 01/26/24 0      4026310869     0 7299
RECOVERME 530-2635241 CA",$44.5,Other
202401310149003414247,01/31/2024,Withdrawal Service Fee,$8.0,Other
202402011747001809695,02/01/2024,"Recurring Withdrawal Debit Card
Date 02/01/24 0      4032323836     0 5968
AMAZON PRIME*R26O62AQ2 AMZN.COM/BIL WA",$16.15,Amazon
202402041851001291232,02/04/2024,"Withdrawal Debit Card Debit Card
Date 02/02/24 0      4033347996     1 7399
AMAZON WEB SERVICES AWS.AMAZON.C WA",$11.18,Amazon
202402061731001371893,02/06/2024,"Deposit Home Banking Transfer
Owners Contribution
From CASILLAS,LUIS E XXXX5744 Share 10",$500.0,Other
202402070438000744769,02/07/2024,"Withdrawal Bill Payment #000000306239
DIEGO CA
ABC*CRUNCH ABC*7619-CRUNCH FITNES SAN",$21.99,Other
202402081739001502063,02/08/2024,"Recurring Withdrawal Debit Card
Date 02/07/24 0      4038336427     0 5734
ADOBE INC. 4085366000 CA",$29.99,Adobe
202402200740001325715,02/20/2024,"Deposit Home Banking Transfer
Owners Contribution
From CASILLAS,LUIS E XXXX5744 Share 10",$700.0,Other
202402211740001869592,02/21/2024,"Recurring Withdrawal Debit Card
Date 02/20/24 0      4051303449     0 5734
ADOBE INC. 4085366000 CA",$54.99,Adobe
202402211740001869596,02/21/2024,"Withdrawal Debit Card Debit Card
Date 02/21/24 0      4052342913     0 7399
UPWORK -668674910REF UPWORK.COM/B CA",$65.95,Upwork
202402221755001544726,02/22/2024,"Recurring Withdrawal Debit Card
Date 02/21/24 0      4052338614     0 6513
REGUS MANAGEMENT GROUP ADDISON TX",$678.54,Regus Management
202402251851001292650,02/25/2024,"Recurring Withdrawal Debit Card
Date 02/23/24 0      4054327710     0 7299
RECOVERME 530-2635241 CA",$44.5,Other
202402251851001292654,02/25/2024,"Recurring Withdrawal Debit Card
Date 02/23/24 0      4054301857     0 4816
DNH*GODADDY.COM TEMPE AZ",$44.53,Other
202402251851001292658,02/25/2024,"Withdrawal Debit Card Debit Card
Date 02/24/24 0      4055331422     1 7399
UPWORK -669299819REF UPWORK.COM/B CA",$55.45,Upwork
202402251851001292666,02/25/2024,"Withdrawal Debit Card Debit Card
Date 02/24/24 0      4055326889     0 7399
UPWORK -669328288REF UPWORK.COM/B CA",$52.5,Upwork
202402251851001292670,02/25/2024,"Recurring Withdrawal Debit Card
Date 02/25/24 0      4056340207     0 5734
XERO US INV-5152274 DENVER CO",$15.0,Other
202402261207001284360,02/26/2024,"Deposit Home Banking Transfer
Owners Contribution
From CASILLAS,LUIS E XXXX5744 Share 10",$200.0,Other
202402271755001510925,02/27/2024,"Credit Adjustment
Date 02/26/24 0      4057288664     0 7399
UPWORK -669328288REF UPWORK.COM/B CA",$52.5,Upwork
202402271755001510936,02/27/2024,"Credit Adjustment
Date 02/26/24 0      4057288663     0 7399
UPWORK -669299819REF UPWORK.COM/B CA",$55.45,Upwork
202402291813001620451,02/29/2024,"Recurring Withdrawal Debit Card
Date 02/29/24 0      4060335775     0 7399
UPWORK -671183391REF UPWORK.COM/B CA",$5.25,Upwork
202402290202003468613,02/29/2024,Withdrawal Service Fee,$8.0,Other
202403010530000849459,03/01/2024,"Withdrawal Bill Payment #000000829761
DNH*GODADDY.COM TEMPE AZ",$227.88,Other
202403011801001900776,03/01/2024,"Recurring Withdrawal Debit Card
Date 03/01/24 0      4061408133     0 5968
AMAZON PRIME*RN60W0NQ0 AMZN.COM/BIL WA",$16.15,Amazon
202403011801001900784,03/01/2024,"Recurring Withdrawal Debit Card
Date 03/01/24 0      4061408317     0 5968
NORTON *AP297744459 NORTON.COM/C AZ",$119.99,Other
202403031910001334095,03/03/2024,"Recurring Withdrawal Debit Card
Date 03/03/24 0      4063327522     0 5734
ADOBE INC. 4085366000 CA",$29.99,Adobe
202403031910001334103,03/03/2024,"Withdrawal Debit Card Debit Card
Date 03/02/24 0      4062197403     0 7399
AMAZON WEB SERVICES AWS.AMAZON.C WA",$10.49,Amazon
202403050410000732819,03/05/2024,"Withdrawal Bill Payment #000000018771
DIEGO CA
ABC*CRUNCH ABC*7619-CRUNCH FITNES SAN",$21.99,Other
202403071555001351053,03/07/2024,"Deposit Home Banking Transfer
Owners Contributions
From CASILLAS,LUIS E XXXX5744 Share 10",$500.0,Other
202403081754001513752,03/08/2024,"Recurring Withdrawal Debit Card
Date 03/07/24 0      4067357280     0 8111
LEGALZOOM* REGIST AGEN GLENDALE CA",$299.0,Other
202403131742001507610,03/13/2024,"Withdrawal Debit Card Debit Card
Date 03/13/24 0      4073366830     0 7399
UPWORK -675527623REF UPWORK.COM/B CA",$29.2,Upwork
202403131742001507619,03/13/2024,"Withdrawal Debit Card Debit Card
Date 03/13/24 0      4073350152     0 8299
UDEMY: ONLINE COURSES SAN FRANCISC CA",$94.95,Other
202403211756001554915,03/21/2024,"Recurring Withdrawal Debit Card
Date 03/20/24 0      4080320116     0 5734
ADOBE *ADOBE 4085366000 CA",$54.99,Adobe
202403220947001080390,03/22/2024,"Deposit Home Banking Transfer
Owners Contributions
From CASILLAS,LUIS E XXXX5744 Share 10",$800.0,Other
202403221435001262126,03/22/2024,"Deposit Home Banking Transfer
Owners Contributions
From CASILLAS,LUIS E XXXX5744 Share 10",$50.0,Other
202403241856001280333,03/24/2024,"Recurring Withdrawal Debit Card
Date 03/22/24 0      4082324036     0 7299
RECOVERME 530-2635241 CA",$44.5,Other
202403241856001280337,03/24/2024,"Withdrawal Debit Card Debit Card
Date 03/22/24 0      4082326755     1 6513
REGUS MANAGEMENT GROUP ADDISON TX",$678.54,Regus Management
202403241856001280345,03/24/2024,"Withdrawal Debit Card Debit Card
Date 03/22/24 0      4082307126     1 7399
UPWORK -678390071REF UPWORK.COM/B CA",$26.25,Upwork
202403241856001280353,03/24/2024,"Withdrawal Debit Card Debit Card
Date 03/22/24 0      4082428438     0 8299
UDEMY: ONLINE COURSES SAN FRANCISC CA",$46.97,Other
202403261751001500532,03/26/2024,"Recurring Withdrawal Debit Card
Date 03/25/24 0      4085339089     0 5734
XERO US INV-5222505 DENVER CO",$15.0,Other
202403300743000777816,03/30/2024,"Deposit Home Banking Transfer
Owners Contributions
From CASILLAS,LUIS E XXXX5744 Share 10",$700.0,Other
202403310143003320108,03/31/2024,Withdrawal Service Fee,$8.0,Other
202404011745001951832,04/01/2024,"Recurring Withdrawal Debit Card
Date 04/01/24 0      4092312373     0 5968
AMAZON PRIME*RA3777HM1 AMZN.COM/BIL WA",$16.15,Amazon
202404031747001615787,04/03/2024,"Recurring Withdrawal Debit Card
Date 04/02/24 0      4093294322     0 5734
ADOBE *ADOBE 4085366000 CA",$29.99,Adobe
202404031747001615800,04/03/2024,"Withdrawal Debit Card Debit Card
Date 04/03/24 0      4094377551     0 7399
AMAZON WEB SERVICES AWS.AMAZON.C WA",$11.31,Amazon
202404050216000014100,04/05/2024,"Withdrawal Bill Payment #000000654955
DIEGO CA
ABC*CRUNCH ABC*7619-CRUNCH FITNES SAN",$21.99,Other
202404051009001127003,04/05/2024,Deposit,$3000.0,Other
202404141852001300269,04/14/2024,"Withdrawal Debit Card Debit Card
Date 04/13/24 0      4104245199     2 8931
AFP*TAE H KIM CPA MURRIETA CA",$800.0,Other
202404151328001422625,04/15/2024,Deposit,$4000.0,Other
202404211850001295128,04/21/2024,"Recurring Withdrawal Debit Card
Date 04/19/24 0      4110367433     0 7299
RECOVERME 530-2635241 CA",$44.5,Other
202404211850001295132,04/21/2024,"Withdrawal Debit Card Debit Card
Date 04/19/24 0      4110436306     1 8299
UDEMY: ONLINE COURSES SAN FRANCISC CA",$46.97,Other
202404211850001295136,04/21/2024,"Recurring Withdrawal Debit Card
Date 04/20/24 0      4111351711     0 6513
REGUS MANAGEMENT GROUP ADDISON TX",$678.54,Regus Management
202404211850001295140,04/21/2024,"Withdrawal Debit Card Debit Card
Date 04/19/24 0      4110436307     1 8299
UDEMY: ONLINE COURSES SAN FRANCISC CA",$26.98,Other
202404211850001295144,04/21/2024,"Recurring Withdrawal Debit Card
Date 04/20/24 0      4111339826     0 5734
ADOBE *ADOBE 4085366000 CA",$59.99,Adobe
202404220551001124851,04/22/2024,"Withdrawal ACH MARRIOTT MVC
%% ACH Trace 043000262031021
%% ACH ECC TEL
CO: MARRIOTT MVC
TYPE: MTG PYMT  ID: 3000000300",$3950.6,Other
202404251756001493071,04/25/2024,"Recurring Withdrawal Debit Card
Date 04/25/24 0      4116385373     0 5734
XERO US INV-5293646 DENVER CO",$15.0,Other
202404271835001072008,04/27/2024,"Deposit Home Banking Transfer
Owners Contributions
From CASILLAS,LUIS E XXXX5744 Share 10",$500.0,Other
202405011816001898391,05/01/2024,"Recurring Withdrawal Debit Card
Date 05/01/24 0      4122419607     0 5968
AMAZON PRIME*6F4GD8E83 AMZN.COM/BIL WA",$16.15,Amazon
202405031759001642286,05/03/2024,"Withdrawal Debit Card Debit Card
Date 05/03/24 0      4124502436     0 7399
AMAZON WEB SERVICES AWS.AMAZON.C WA",$11.05,Amazon
202405031759001642306,05/03/2024,"Recurring Withdrawal Debit Card
Date 05/02/24 0      4123298126     0 5734
ADOBE *ADOBE 4085366000 CA",$29.99,Adobe
202405050524000025302,05/05/2024,"Recurring Withdrawal Bill Payment
DIEGO CA
ABC*CRUNCH ABC*7619-CRUNCH FITNES SAN",$21.99,Other
202405140544000977736,05/14/2024,"Withdrawal ACH MARRIOTT MVC
%% ACH Trace 043000263143493
%% ACH ECC WEB
CO: MARRIOTT MVC  NAME: LUIS E CASILLAS
TYPE: MTG PYMT  ID: 3000000300",$633.34,Other
202405191841001228253,05/19/2024,"Recurring Withdrawal Debit Card
Date 05/17/24 0      4138365178     0 7299
RECOVERME 530-2635241 CA",$44.5,Other
202405191841001228284,05/19/2024,"Withdrawal Debit Card Debit Card
Date 05/17/24 0      4138505332     1 5943
STAPLES 00102665 SAN DIEGO CA",$54.24,Other
202405211747001482015,05/21/2024,"Recurring Withdrawal Debit Card
Date 05/20/24 0      4141294121     0 5734
ADOBE *ADOBE 4085366000 CA",$59.99,Adobe
202405211747001482019,05/21/2024,"Recurring Withdrawal Debit Card
Date 05/20/24 0      4141344243     0 6513
REGUS MANAGEMENT GROUP ADDISON TX",$678.54,Regus Management
202405261840001253063,05/26/2024,"Recurring Withdrawal Debit Card
Date 05/25/24 0      4146546698     1 5734
XERO US INV-5364842 DENVER CO",$15.0,Other
202405291528001502603,05/29/2024,"Withdrawal POS #000003922796
UBER *EATS San Francisco CA",$45.73,Uber
202405301748001576238,05/30/2024,"Withdrawal Debit Card Debit Card
Date 05/29/24 0      4150430273     0 4812
VERIZON VICTRA CA SNDG SAN DIEGO CA",$453.97,Other
202405310154003245365,05/31/2024,Withdrawal Service Fee,$8.0,Other
202406011158001108381,06/01/2024,"Withdrawal POS #000021047135
CENTER ROA SAN DIEGO CA
NST BEST BUY #438 001302 5151 MISSION",$64.64,Other
202406011301001146550,06/01/2024,"Deposit Home Banking Transfer
Owners Contribution
From CASILLAS,LUIS E XXXX5744 Share 10",$500.0,Other
202406021859001288578,06/02/2024,"Recurring Withdrawal Debit Card
Date 06/01/24 0      4153660370     2 5968
AMAZON PRIME*1Y12900N3 AMZN.COM/BIL WA",$16.15,Amazon
202406021859001288590,06/02/2024,"Withdrawal Debit Card Debit Card
Date 06/01/24 0      4153673638     2 4722
AIRBNB * HMRQF22DE4 SAN FRANCISC CA",$76.76,Other
202406031804001851082,06/03/2024,"Withdrawal Debit Card Debit Card
Date 06/02/24 0      4154567184     0 7399
AMAZON WEB SERVICES AWS.AMAZON.C WA",$12.9,Amazon
202406031804001851098,06/03/2024,"Recurring Withdrawal Debit Card
Date 06/02/24 0      4154552980     0 5734
ADOBE *ADOBE 4085366000 CA",$29.99,Adobe
202406041742001578082,06/04/2024,"Withdrawal Debit Card Debit Card
Date 06/04/24 0      4156422019     0 5818
AMAZON PRIME*4J42A9Z73 888-802-3080 WA",$3.79,Amazon
202406041742001578095,06/04/2024,"Withdrawal Debit Card Debit Card
Date 06/03/24 0      4155126245     0 8299
UDEMY: ONLINE COURSES SAN FRANCISC CA",$84.95,Other
202406042349001911487,06/04/2024,"Recurring Withdrawal Bill Payment
MICROSOFT#G049091737 REDMOND WA",$33.75,Other
202406050209000013447,06/05/2024,"Recurring Withdrawal Bill Payment
DIEGO CA
ABC*CRUNCH ABC*7619-CRUNCH FITNES SAN",$21.99,Other
202406051331001297307,06/05/2024,"Deposit Home Banking Transfer
Owners Contribution
From CASILLAS,LUIS E XXXX5744 Share 10",$500.0,Other
202406051745001580640,06/05/2024,"Withdrawal Debit Card Debit Card
Date 06/04/24 0      4156217673     0 4722
AIRBNB * HM3WFWNW4W SAN FRANCISC CA",$60.45,Other
202406051745001580660,06/05/2024,"Withdrawal Debit Card Debit Card
$0.04-
MASTERCARD CURRENCY CONVERSION FEE :
Date 06/04/24 0      4156364824     0 5812
UBER* EATS CIUDAD DE ME CD",$20.23,Uber
202406051745001580665,06/05/2024,"Withdrawal Card Fee
Date 06/04/24 0      4156364824     0 5812
MASTERCARD ISSUER CROSS-BORDER FEE",$0.18,Other
202406072144001777121,06/07/2024,"Deposit Home Banking Transfer
From CASILLAS,LUIS E XXXX5744 Share 10",$500.0,Other
202406091859001249905,06/09/2024,"Withdrawal Debit Card Debit Card
Date 06/08/24 0      4160551527     1 5818
GOOGLE *UDEMY INC 855-836-3987 CA",$29.99,Other
202406091859001249913,06/09/2024,"Withdrawal Debit Card Debit Card
Date 06/08/24 0      4160566931     1 8299
UDEMY: ONLINE COURSES SAN FRANCISC CA",$68.96,Other
202406111617001312065,06/11/2024,"Deposit Home Banking Transfer
Owners Contribution
From CASILLAS,LUIS E XXXX5744 Share 10",$500.0,Other
202406120543000929265,06/12/2024,"Withdrawal ACH MARRIOTT MVC
%% ACH Trace 043000267412925
%% ACH ECC WEB
CO: MARRIOTT MVC  NAME: LUIS E CASILLAS
TYPE: MTG PYMT  ID: 3000000300",$633.34,Other
202406152131001136728,06/15/2024,"Withdrawal POS #000001737924
UBER *TRIP San Francisco CA",$16.77,Uber
202406161855001283540,06/16/2024,"Recurring Withdrawal Debit Card
Date 06/14/24 0      4166324600     0 7299
RECOVERME 530-2635241 CA",$44.5,Other
202406171515001476769,06/17/2024,"Withdrawal at ATM #000000007364
SCHOOLSFIRST 7014/47 W NUEVO RD PERRIS CA",$100.0,Other
202406201631001549516,06/20/2024,"Withdrawal at ATM #000000008584
CALCOAST 8623 SPCTRMCTRBLVD SAN DIEGO CA",$100.0,Other
202406211802001590686,06/21/2024,"Recurring Withdrawal Debit Card
Date 06/20/24 0      4172379429     0 5734
ADOBE *ADOBE 4085366000 CA",$59.99,Adobe
202406211935001799476,06/21/2024,"Deposit Home Banking Transfer
Owners Contributions
From CASILLAS,LUIS E XXXX5744 Share 10",$500.0,Other
202406231850001262712,06/23/2024,"Recurring Withdrawal Debit Card
Date 06/21/24 0      4173440438     1 6513
REGUS MANAGEMENT GROUP ADDISON TX",$678.54,Regus Management
202406231850001262720,06/23/2024,"Withdrawal Debit Card Debit Card
Date 06/22/24 0      4174390460     0 8111
LEGALZOOM* BUSINESS GLENDALE CA",$99.0,Other
202406231850001262724,06/23/2024,"Withdrawal Debit Card Debit Card
Date 06/22/24 0      4174441402     1 5411
IC* INSTACART SAN FRANCISC CA",$3.0,Other
202406231850001262728,06/23/2024,"Withdrawal Debit Card Debit Card
Date 06/22/24 0      4174441401     1 5411
IC* INSTACART SAN FRANCISC CA",$139.59,Other
202406231850001262736,06/23/2024,"Recurring Withdrawal Debit Card
Date 06/22/24 0      4174390462     0 8111
LZC* LEGALZOOM.COM GLENDALE CA",$184.66,Other
202406251752001461778,06/25/2024,"Recurring Withdrawal Debit Card
Date 06/25/24 0      4177411649     0 5734
XERO US INV-5436949 DENVER CO",$15.0,Other
202406261725001383593,06/26/2024,"Deposit Home Banking Transfer
Owner Contributions
From CASILLAS,LUIS E XXXX5744 Share 10",$600.0,Other
202406281822001695756,06/28/2024,"Withdrawal Debit Card Debit Card
Date 06/28/24 0      4180345772     0 8299
UDEMY: ONLINE COURSES SAN FRANCISC CA",$88.93,Other
202406300142003138534,06/30/2024,Withdrawal Service Fee,$8.0,Other
202407011801002007934,07/01/2024,"Recurring Withdrawal Debit Card
Date 07/01/24 0      4183398392     0 5968
AMAZON PRIME*R74G48J00 AMZN.COM/BIL WA",$16.15,Amazon
202407031637001550267,07/03/2024,"Withdrawal at ATM #000000008833
CALCOAST 8623 SPCTRMCTRBLVD SAN DIEGO CA",$100.0,Other
202407031756001724293,07/03/2024,"Withdrawal Debit Card Debit Card
Date 07/02/24 0      4184368414     0 7399
AMAZON WEB SERVICES AWS.AMAZON.C WA",$26.47,Amazon
202407031756001724297,07/03/2024,"Recurring Withdrawal Debit Card
Date 07/02/24 0      4184359375     0 5734
ADOBE *ADOBE 4085366000 CA",$29.99,Adobe
202407050148000004991,07/05/2024,"Recurring Withdrawal Bill Payment
MICROSOFT#G051541087 REDMOND WA",$33.75,Other
202407050225000220583,07/05/2024,"Recurring Withdrawal Bill Payment
DIEGO CA
ABC*CRUNCH ABC*7619-CRUNCH FITNES SAN",$21.99,Other
202407051519001442936,07/05/2024,"Deposit Home Banking Transfer
- Cal Coast Mobile
From CASILLAS,LUIS E XXXX5744 Share 10",$400.0,Other
202407051739001638799,07/05/2024,"Withdrawal Debit Card Debit Card
Date 07/03/24 0      4185333163     0 4812
VERIZON WRLS 29672-01 SAN DIEGO CA",$148.71,Other
202407081746001699365,07/08/2024,"Withdrawal Debit Card Debit Card
Date 07/07/24 0      4189351196     0 5411
IC* INSTACART SAN FRANCISC CA",$83.51,Other
202407102002001673144,07/10/2024,"Withdrawal Home Banking Transfer
- Cal Coast Mobile
To CASILLAS,LUIS E XXXX5744 Share 10",$500.0,Other
202407110544001015567,07/11/2024,"Withdrawal Overdrawn ACH
%% ACH ECC WEB
MARRIOTT MVC",$27.0,Other
202407141825001238196,07/14/2024,"Recurring Withdrawal Debit Card
Date 07/12/24 0      4194319442     0 7299
RECOVERME 530-2635241 CA",$44.5,Other
202407141825001238216,07/14/2024,"Recurring Withdrawal Debit Card
Date 07/13/24 0      4195151447     2 4814
VZWRLSS*APOCC VISB 800-922-0204 FL",$153.9,Other
202407211847001269997,07/21/2024,"Recurring Withdrawal Debit Card
Date 07/20/24 0      4202234795     0 5734
ADOBE *ADOBE 4085366000 CA",$59.99,Adobe
202407221837001809184,07/22/2024,"Deposit at ATM #000000002469
CALCOAST 30015 HAUN RD MENIFEE CA",$1000.0,Other
202407251736001641280,07/25/2024,"Recurring Withdrawal Debit Card
Date 07/25/24 0      4207483770     0 5734
XERO US INV-5508939 DENVER CO",$15.0,Other
202407281839001242783,07/28/2024,"Withdrawal Debit Card Debit Card
Date 07/27/24 0      4209335305     0 6513
REGUS MANAGEMENT GROUP ADDISON TX",$678.54,Regus Management
202407310205003185018,07/31/2024,Withdrawal Service Fee,$8.0,Other
202408011750001824816,08/01/2024,"Recurring Withdrawal Debit Card
Date 08/01/24 0      4214463064     0 5968
AMAZON PRIME*RV92F3W80 AMZN.COM/BIL WA",$16.15,Amazon
202408041844001258481,08/04/2024,"Withdrawal Debit Card Debit Card
Date 08/02/24 0      4215091608     3 7399
AMAZON WEB SERVICES AWS.AMAZON.C WA",$51.9,Amazon
202408041844001258485,08/04/2024,"Withdrawal Debit Card Debit Card
Date 08/02/24 0      4215057051     0 4814
VZWRLSS*IVR VB ALPHARETTA GA",$215.91,Other
202408041844001258489,08/04/2024,"Recurring Withdrawal Debit Card
Date 08/02/24 0      4215081156     3 5734
ADOBE *ADOBE 4085366000 CA",$29.99,Adobe
202408042022001639220,08/04/2024,"Recurring Withdrawal Bill Payment
MICROSOFT#G054132489 REDMOND WA",$33.75,Other
202408070513000785919,08/07/2024,"Deposit Home Banking Transfer
Owners Contributions
From CASILLAS,LUIS E XXXX5744 Share 10",$2000.0,Other
202408090545000973051,08/09/2024,"Recurring Withdrawal Bill Payment
DIEGO CA
ABC*CRUNCH ABC*7619-CRUNCH FITNES SAN",$36.99,Other
202408091204001139372,08/09/2024,"Deposit Home Banking Transfer
Owners Contribution
From CASILLAS,LUIS E XXXX5744 Share 10",$500.0,Other
202408111822001255334,08/11/2024,"Recurring Withdrawal Debit Card
Date 08/09/24 0      4222124221     1 7299
RECOVERME 530-2635241 CA",$44.5,Other
202408161525001324271,08/16/2024,"Deposit Home Banking Transfer
Owners Contributions
From CASILLAS,LUIS E XXXX5744 Share 10",$1000.0,Other
202408211743001450183,08/21/2024,"Recurring Withdrawal Debit Card
Date 08/21/24 0      4234380026     0 6513
REGUS MANAGEMENT GROUP ADDISON TX",$58.93,Regus Management
202408211743001450199,08/21/2024,"Recurring Withdrawal Debit Card
Date 08/20/24 0      4233267566     0 5734
ADOBE *ADOBE 4085366000 CA",$59.99,Adobe
202408211743001450208,08/21/2024,"Recurring Withdrawal Debit Card
Date 08/21/24 0      4234380025     0 6513
REGUS MANAGEMENT GROUP ADDISON TX",$37.72,Regus Management
202408251828001222053,08/25/2024,"Recurring Withdrawal Debit Card
Date 08/25/24 0      4238418300     0 5734
XERO US INV-5581952 DENVER CO",$15.0,Other
202408271732001380858,08/27/2024,"Withdrawal Debit Card Debit Card
Date 08/26/24 0      4239368514     0 6513
REGUS MANAGEMENT GROUP ADDISON TX",$838.9,Regus Management
202408301821001760467,08/30/2024,"Withdrawal POS #000000144704
7-ELEVEN 9609 Aero Dr US San Diego CA",$40.0,7-Eleven
202408302053001814178,08/30/2024,"Withdrawal POS #000011005109
UBER *TRIP San Francisco CA",$127.84,Uber
202408310753000772140,08/31/2024,"Withdrawal POS #000000126464
7-ELEVEN 9609 Aero Dr US San Diego CA",$45.0,7-Eleven
202408311741001159016,08/31/2024,"Withdrawal Debit Card Debit Card
Date 08/30/24 0      4243467389     0 7513
U-HAUL MORENO VALLEY MORENO VALLE CA",$429.67,Other
202408311854001374507,08/31/2024,"Withdrawal POS #000017644207
CIRCLE K 09455 PERRIS PERRIS CA",$50.0,Other
202408310106002767004,08/31/2024,Withdrawal Service Fee,$8.0,Other
202409020140000003008,09/02/2024,"Withdrawal POS #000004380393
UBER * PENDING San Francisco CA",$33.29,Uber
202409021836001269671,09/02/2024,"Recurring Withdrawal Debit Card
Date 09/01/24 0      4245588465     1 5968
AMAZON PRIME*RK9OK7800 AMZN.COM/BIL WA",$16.15,Amazon
202409021836001269675,09/02/2024,"Withdrawal Debit Card Debit Card
Date 09/01/24 0      4245451147     1 4722
AIRBNB * HMZTXA84W9 SAN FRANCISC CA",$76.62,Other
202409021836001269680,09/02/2024,"Withdrawal Debit Card Debit Card
Date 08/30/24 0      4243450303     1 4784
SANDAG FASTRAK SAN DIEGO CA",$7.0,Other
202409021836001269684,09/02/2024,"Withdrawal Debit Card Debit Card
Date 09/01/24 0      4245374950     0 7513
U-HAUL CHULA VISTA CHULA VISTA CA",$552.01,Other
202409031738001843496,09/03/2024,"Withdrawal Debit Card Debit Card
Date 09/02/24 0      4246314780     0 7399
AMAZON WEB SERVICES AWS.AMAZON.C WA",$51.95,Amazon
202409031738001843515,09/03/2024,"Withdrawal Debit Card Debit Card
Date 09/02/24 0      4246124536     0 4722
AIRBNB * HMB2S5XS53 SAN FRANCISC CA",$182.58,Other
202409031738001843523,09/03/2024,"Recurring Withdrawal Debit Card
Date 09/02/24 0      4246377986     0 5734
ADOBE *ADOBE 4085366000 CA",$29.99,Adobe
202409042125001845363,09/04/2024,"Recurring Withdrawal Bill Payment
MICROSOFT#G057716950 REDMOND WA",$33.75,Other
202409082101001609760,09/08/2024,"Withdrawal POS #000001236076
UBER * PENDING San Francisco CA",$39.1,Uber
202409111735001459773,09/11/2024,"Withdrawal Debit Card Debit Card
$0.61-
MASTERCARD CURRENCY CONVERSION FEE :
Date 09/10/24 0      4254417048     0 3076
AEROMEX TIEN VI CIUDAD DE ME MX",$306.24,Other
202409111735001459778,09/11/2024,"Withdrawal Card Fee
Date 09/10/24 0      4254417048     0 3076
MASTERCARD ISSUER CROSS-BORDER FEE",$2.75,Other
202409121756001454961,09/12/2024,"Withdrawal Debit Card Debit Card
$0.04-
MASTERCARD CURRENCY CONVERSION FEE :
Date 09/10/24 0      4254345063     0 4722
FOB TIJUANA BCN BN",$17.63,Other
202409121756001454966,09/12/2024,"Withdrawal Card Fee
Date 09/10/24 0      4254345063     0 4722
MASTERCARD ISSUER CROSS-BORDER FEE",$0.16,Other
202409121756001454970,09/12/2024,"Withdrawal Debit Card Debit Card
$0.73-
MASTERCARD CURRENCY CONVERSION FEE :
Date 09/11/24 0      4255354764     0 3393
NATIONAL CDMX CIUDAD DE ME MX",$365.75,Other
202409121756001454975,09/12/2024,"Withdrawal Card Fee
Date 09/11/24 0      4255354764     0 3393
MASTERCARD ISSUER CROSS-BORDER FEE",$3.29,Other
202409131511001250620,09/13/2024,"Deposit Home Banking Transfer
Owners Contribution
From CASILLAS,LUIS E XXXX5744 Share 10",$500.0,Other
202409161739001642327,09/16/2024,"Recurring Withdrawal Debit Card
Date 09/16/24 0      4260327581     0 4814
VZWRLSS*APOCC VISB 800-922-0204 FL",$148.96,Other
202409200936001038045,09/20/2024,"Deposit Home Banking Transfer
Owners Contribution
From CASILLAS,LUIS E XXXX5744 Share 10",$500.0,Other
202409230344000982788,09/23/2024,"Recurring Withdrawal Debit Card
Date 09/20/24 0      4264535816     1 5734
ADOBE *ADOBE 4085366000 CA",$59.99,Adobe
202409230344000982800,09/23/2024,"Recurring Withdrawal Debit Card
Date 09/21/24 0      4265364840     0 6513
REGUS MANAGEMENT GROUP ADDISON TX",$66.95,Regus Management
202409230344000982811,09/23/2024,"Recurring Withdrawal Debit Card
Date 09/21/24 0      4265364839     0 6513
REGUS MANAGEMENT GROUP ADDISON TX",$466.0,Regus Management
202409251739001405268,09/25/2024,"Recurring Withdrawal Debit Card
Date 09/25/24 0      4269452749     0 5734
XERO US INV-5655420 DENVER CO",$15.0,Other
202409271023001111637,09/27/2024,"Deposit Transfer
OWNER'S CONTRIBUTION
From CASILLAS,LUIS E XXXX5744 Share 10",$1000.0,Other
202409271137001152442,09/27/2024,"Deposit Home Banking Transfer
- Cal Coast Mobile
From CASILLAS,LUIS E XXXX5744 Share 10",$300.0,Other
202409271755001680039,09/27/2024,"Withdrawal Debit Card Debit Card
Date 09/26/24 0      4270315912     0 4722
AIRBNB * HMJF2XT5J8 SAN FRANCISC CA",$143.33,Other
202409291840001232595,09/29/2024,"Withdrawal Debit Card Debit Card
$0.01-
MASTERCARD CURRENCY CONVERSION FEE :
Date 09/28/24 0      4272364616     0 4121
UBER* TRIP CIUDAD DE ME CD",$5.31,Uber
202409291840001232600,09/29/2024,"Withdrawal Card Fee
Date 09/28/24 0      4272364616     0 4121
MASTERCARD ISSUER CROSS-BORDER FEE",$0.05,Other
202409291840001232604,09/29/2024,"Recurring Withdrawal Debit Card
Date 09/29/24 0      4273364633     0 4121
UBER* TRIP CIUDAD DE ME CD",$0.51,Uber
202409291840001232608,09/29/2024,"Withdrawal Debit Card Debit Card
$0.02-
MASTERCARD CURRENCY CONVERSION FEE :
Date 09/28/24 0      4272125371     0 4121
UBER* TRIP CIUDAD DE ME CD",$7.74,Uber
202409291840001232613,09/29/2024,"Withdrawal Card Fee
Date 09/28/24 0      4272125371     0 4121
MASTERCARD ISSUER CROSS-BORDER FEE",$0.07,Other
202409291840001232626,09/29/2024,"Withdrawal Debit Card Debit Card
Date 09/27/24 0      4271490765     1 6513
REGUS MANAGEMENT GROUP ADDISON TX",$911.61,Regus Management
202409300146003461229,09/30/2024,Withdrawal Service Fee,$8.0,Other
202410011803001838715,10/01/2024,"Recurring Withdrawal Debit Card
Date 10/01/24 0      4275438916     0 5968
AMAZON PRIME*2Y0484543 AMZN.COM/BIL WA",$16.15,Amazon
202410031746001547954,10/03/2024,"Withdrawal Debit Card Debit Card
Date 10/02/24 0      4276360933     0 7399
AMAZON WEB SERVICES AWS.AMAZON.C WA",$50.3,Amazon
202410031746001547958,10/03/2024,"Recurring Withdrawal Debit Card
Date 10/02/24 0      4276376135     0 5734
ADOBE *ADOBE 4085366000 CA",$29.99,Adobe
202410031746001547962,10/03/2024,"Recurring Withdrawal Debit Card
Date 10/02/24 0      4276424571     0 8299
ILEARNTOBOAT.COM RICHARDSON TX",$59.95,Other
202410040718000977348,10/04/2024,"Recurring Withdrawal Bill Payment
TEMPE AZ
DNH*GODADDY.COM DNH*GODADDY#3333771235",$239.88,Other
202410050543000749041,10/05/2024,"Recurring Withdrawal Bill Payment
MICROSOFT#G060577509 REDMOND WA",$33.75,Other
202410061839001203127,10/06/2024,"Withdrawal Debit Card Debit Card
Date 10/04/24 0      4278756395     3 9399
BOATING AND WATERWAYS SACRAMENTO CA",$10.0,Other
202410081732001399533,10/08/2024,"Withdrawal Debit Card Debit Card
Date 10/08/24 0      4282444955     0 7361
UPWORK * -741373425 8662624478 CA",$25.99,Upwork
202410111133001109285,10/11/2024,"Deposit Home Banking Transfer
Owners Contributions
From CASILLAS,LUIS E XXXX5744 Share 10",$500.0,Other
202410111542001234411,10/11/2024,"Withdrawal POS #000004137667
GOOGLE *Play Mountain View CA",$25.0,Other
202410130550000745935,10/13/2024,"Recurring Withdrawal Bill Payment
TEMPE AZ
DNH*GODADDY.COM DNH*GODADDY#3350080057",$95.88,Other
202410141731001085424,10/14/2024,"Recurring Withdrawal Debit Card
Date 10/13/24 0      4287384853     0 4814
VZWRLSS*APOCC VISB 800-922-0204 FL",$149.03,Other
202410211745001500953,10/21/2024,"Recurring Withdrawal Debit Card
Date 10/20/24 0      4294405702     0 5734
ADOBE *ADOBE 4085366000 CA",$59.99,Adobe
202410221842001370897,10/22/2024,"Recurring Withdrawal Debit Card
Date 10/22/24 0      4296366259     0 5817
ELEMENTOR WILMINGTON DE",$99.0,Other
202410251354001089064,10/25/2024,"Deposit Home Banking Transfer
- Cal Coast Mobile
From CASILLAS,LUIS E XXXX5744 Share 10",$1000.0,Other
202410251736001318478,10/25/2024,"Recurring Withdrawal Debit Card
Date 10/24/24 0      4298384855     0 6513
REGUS MANAGEMENT GROUP ADDISON TX",$70.58,Regus Management
202410261139000831873,10/26/2024,"Deposit Home Banking Transfer
Owners Contribution
From CASILLAS,LUIS E XXXX5744 Share 10",$400.0,Other
202410291731001506290,10/29/2024,"Recurring Withdrawal Debit Card
Date 10/28/24 0      4302361394     0 7372
FONT AWESOME PRO BENTONVILLE AR",$99.0,Other
202410291731001506294,10/29/2024,"Withdrawal Debit Card Debit Card
Date 10/28/24 0      4302356325     0 6513
REGUS MANAGEMENT GROUP ADDISON TX",$1184.5,Regus Management
202410301151001229937,10/30/2024,"Deposit Home Banking Transfer
Owners Contributions
From CASILLAS,LUIS E XXXX5744 Share 10",$2000.0,Other
202410301208001238251,10/30/2024,"Deposit Home Banking Transfer
Owners Contributions
From CASILLAS,LUIS E XXXX5744 Share 10",$3000.0,Other
202410310322003026162,10/31/2024,Withdrawal Service Fee,$8.0,Other
202411011756001607296,11/01/2024,"Recurring Withdrawal Debit Card
Date 11/01/24 0      4306458567     0 5734
XERO US INV-5730534 DENVER CO",$15.0,Other
202411011756001607300,11/01/2024,"Recurring Withdrawal Debit Card
Date 11/01/24 0      4306443738     0 5968
AMAZON PRIME*1L7IS81V3 AMZN.COM/BIL WA",$16.15,Amazon
202411020837000800346,11/02/2024,"Recurring Withdrawal Bill Payment
MICROSOFT#G063522186 REDMOND WA",$540.0,Other
202411020838000800582,11/02/2024,"Deposit Home Banking Transfer
Owners Contributions
From CASILLAS,LUIS E XXXX5744 Share 10",$1000.0,Other
202411031817001171870,11/03/2024,"Withdrawal Debit Card Debit Card
Date 11/02/24 0      4307377232     0 7399
AMAZON WEB SERVICES AWS.AMAZON.C WA",$44.04,Amazon
202411031817001171878,11/03/2024,"Recurring Withdrawal Debit Card
Date 11/02/24 0      4307394983     0 5734
ADOBE *ADOBE 4085366000 CA",$29.99,Adobe
202411031817001171882,11/03/2024,"Withdrawal Debit Card Debit Card
Date 11/01/24 0      4306656422     1 4829
FELIX PAGO SAN FRANCISC CA",$620.0,Other
202411050436000734941,11/05/2024,"Recurring Withdrawal Bill Payment
MICROSOFT#G064270429 REDMOND WA",$55.52,Other
202411051730001409158,11/05/2024,"Recurring Withdrawal Debit Card
Date 11/04/24 0      4309378017     0 8111
LEGALZOOM* REGIST AGEN MOUNTAIN VIE CA",$299.0,Other
202411051730001409168,11/05/2024,"Withdrawal Debit Card Debit Card
Date 11/04/24 0      4309380599     0 5734
GRAMMARLY CO*VW0UYDF SAN FRANCISC CA",$144.0,Other
202411131733001364737,11/13/2024,"Recurring Withdrawal Debit Card
Date 11/13/24 0      4318484534     0 4814
VZWRLSS*APOCC VISB 800-922-0204 FL",$149.06,Other
202411131733001364741,11/13/2024,"Withdrawal Debit Card Debit Card
Date 11/13/24 0      4318507042     0 7361
UPWORK * -752384578 8662624478 CA",$62.74,Upwork
202411131918001580636,11/13/2024,"Deposit Home Banking Transfer
Owners Contributions
From CASILLAS,LUIS E XXXX5744 Share 10",$2000.0,Other
202411171830001104879,11/17/2024,"Withdrawal Debit Card Debit Card
Date 11/16/24 0      4321263294     1 4722
AIRBNB * HM9KZ4TH2T SAN FRANCISC CA",$120.82,Other
202411171830001104882,11/17/2024,"Credit Adjustment
Date 11/16/24 0      4321376121     0 4722
AIRBNB * HM9KZ4TH2T SAN FRANCISC CA",$120.82,Other
202411191731001440991,11/19/2024,"Withdrawal Debit Card Debit Card
Date 11/19/24 0      4324429766     0 7361
UPWORK * -754385858 8662624478 CA",$31.5,Upwork
202411191731001440996,11/19/2024,"Recurring Withdrawal Debit Card
Date 11/19/24 0      4324373500     0 7399
UPWORK -754372291REF UPWORK.COM/B CA",$20.74,Upwork
202411191731001441000,11/19/2024,"Withdrawal Debit Card Debit Card
Date 11/19/24 0      4324429765     0 7361
UPWORK * -754373004 8662624478 CA",$21.0,Upwork
202411201733001325629,11/20/2024,"Withdrawal Debit Card Debit Card
Date 11/19/24 0      4324403444     0 7361
UPWORK * -754532535 8662624478 CA",$57.49,Upwork
202411201733001325633,11/20/2024,"Withdrawal Debit Card Debit Card
Date 11/19/24 0      4324403445     0 7361
UPWORK * -754532842 8662624478 CA",$21.0,Upwork
202411211733001302357,11/21/2024,"Recurring Withdrawal Debit Card
Date 11/20/24 0      4325425233     0 5734
ADOBE *ADOBE 4085366000 CA",$59.99,Adobe
202411211733001302361,11/21/2024,"Withdrawal Debit Card Debit Card
Date 11/21/24 0      4326457242     0 7361
UPWORK * -754781202 8662624478 CA",$15.49,Upwork
202411211733001302365,11/21/2024,"Withdrawal Debit Card Debit Card
Date 11/21/24 0      4326457243     0 7361
UPWORK * -754781354 8662624478 CA",$21.0,Upwork
202411221741001291761,11/22/2024,"Recurring Withdrawal Debit Card
Date 11/21/24 0      4326392801     0 6513
REGUS MANAGEMENT GROU ADDISON TX",$874.16,Regus Management
202411251734001496111,11/25/2024,"Recurring Withdrawal Debit Card
Date 11/25/24 0      4330348826     0 5734
XERO US INV-5806339 DENVER CO",$15.0,Other
202411251801001710684,11/25/2024,"Deposit Home Banking Transfer
Owner's Contribution
From CASILLAS,LUIS E XXXX5744 Share 10",$800.0,Other
202411290523000937179,11/29/2024,"Withdrawal ACH MARRIOTT MVC
%% ACH Trace 043000266515613
%% ACH ECC WEB
CO: MARRIOTT MVC  NAME: LUIS E CASILLAS
TYPE: MTG PYMT  ID: 3000000300",$633.34,Other
202412021851001766326,12/02/2024,"Recurring Withdrawal Debit Card
Date 12/01/24 0      4336760933     1 5968
AMAZON PRIME*ZL61U0FP2 AMZN.COM/BIL WA",$16.15,Amazon
202412021851001766330,12/02/2024,"Withdrawal Debit Card Debit Card
Date 12/01/24 0      4336411970     0 7361
UPWORK * -757443985 8662624478 CA",$12.6,Upwork
202412031739001447256,12/03/2024,"Recurring Withdrawal Debit Card
Date 12/02/24 0      4337366281     0 5734
ADOBE *ADOBE 4085366000 CA",$29.99,Adobe
202412031739001447260,12/03/2024,"Withdrawal Debit Card Debit Card
Date 12/03/24 0      4338614500     0 7399
AMAZON WEB SERVICES AWS.AMAZON.C WA",$12.44,Amazon
202412031739001447264,12/03/2024,"Withdrawal Debit Card Debit Card
Date 12/02/24 0      4337639109     0 7361
UPWORK * -758566894 8662624478 CA",$4.2,Upwork
202412050156000001215,12/05/2024,"Withdrawal Bill Payment #000000313112
MICROSOFT#G068377274 REDMOND WA",$67.5,Other
202412091646001326631,12/09/2024,"Deposit Home Banking Transfer
Owners Contributions
From CASILLAS,LUIS E XXXX5744 Share 10",$1000.0,Other
202412151834001141403,12/15/2024,"Recurring Withdrawal Debit Card
Date 12/13/24 0      4348658150     1 4814
VZWRLSS*APOCC VISB 800-922-0204 FL",$149.06,Other
202412181737001364385,12/18/2024,"Withdrawal Debit Card Debit Card
Date 12/17/24 0      4352375001     0 7361
UPWORK * -763036334 8662624478 CA",$12.6,Upwork
202412181737001364389,12/18/2024,"Withdrawal Debit Card Debit Card
Date 12/17/24 0      4352156788     0 7216
TIDE DRY CLEANERS - NO SARASOTA FL",$18.36,Other
202412211528000923192,12/21/2024,"Deposit Home Banking Transfer
Owners Contributions
From CASILLAS,LUIS E XXXX5744 Share 10",$1000.0,Other
202412220600000707676,12/22/2024,"Withdrawal POS #000050626396
WAWA 5224 SARASOTA SARASOTA FL",$19.75,Other
202412221416000829350,12/22/2024,"Withdrawal POS #000017114988
OAKLAND PARK FL
SPEEDWAY 5002 N DIXIE 5002 N DIXIE HWY",$19.47,Other
202412221851001165131,12/22/2024,"Recurring Withdrawal Debit Card
Date 12/20/24 0      4355819343     1 5734
ADOBE *ADOBE 4085366000 CA",$59.99,Adobe
202412231743001500840,12/23/2024,"Recurring Withdrawal Debit Card
Date 12/22/24 0      4357405384     0 6513
REGUS MANAGEMENT GROU ADDISON TX",$466.0,Regus Management
202412231743001500844,12/23/2024,"Recurring Withdrawal Debit Card
Date 12/22/24 0      4357405385     0 6513
REGUS MANAGEMENT GROU ADDISON TX",$882.0,Regus Management
202412241027001017440,12/24/2024,"Withdrawal POS #000013200059
Bradenton FL
Speedway 6706 14th St 6706 14th St W",$0.01,Other
202412251730000912430,12/25/2024,"Recurring Withdrawal Debit Card
Date 12/25/24 0      4360374436     0 5734
XERO US INV-5882986 DENVER CO",$20.0,Other
